imu_ax, imu_ay, odom_x, odom_y, kf_ax, kf_ay, kf_vx, kf_w, kf_x, kf_y, stamp, 
0.007446587085723877, -0.0062836408615112305, -2.0702676906125816e-08, 2.402290455449929e-08, 0.0012406672398045263, 1.690571397900038e-13, 5.1672937934382616e-05, 3.2716765592984603e-09, -5.16729379343826e-07, 0.0, 1731624349181705848, 
0.03237044811248779, -0.018890798091888428, -2.0702676906125816e-08, 2.402290455449929e-08, 0.007782094606358696, -1.2076398917783804e-10, 0.000595128507694101, -2.0292086098471917e-07, 5.057103821258336e-06, -3.129466158529713e-14, 1731624349219602064, 
0.006977558135986328, 0.022571444511413574, -4.140533960139692e-08, 4.8045833977994334e-08, 0.007563634805834038, 1.9501979048489794e-09, 0.0010263376431112272, 1.9001523698742781e-06, 2.134970014670102e-05, 7.460742487437613e-12, 1731624349248524555, 
-0.013052821159362793, -0.00790250301361084, -4.140533960139692e-08, 4.8045833977994334e-08, 0.0023492156328534753, -5.087353443537378e-10, 0.000816794785318729, -6.228435263029006e-07, 4.1147758025647884e-05, -1.0835633710821307e-11, 1731624349279508963, 
0.020767509937286377, -0.018960237503051758, 0.0001221954880747944, -0.00012224228703416884, 0.0071517222379047255, 1.4122432142829485e-05, 0.001920475300927689, 0.007353613001951974, 0.0001979274249923462, 1.342898123718405e-07, 1731624349310741154, 
-0.01925492286682129, 0.0008432865142822266, 0.00010490795830264688, 0.00011001125676557422, 0.00012416495840904956, 0.00014845777092766947, 0.001071298937184716, 0.1385773529448317, 0.00022104743405372613, 5.429572555936959e-06, 1731624349341790755, 
0.05222880840301514, 0.24977099895477295, 0.0006328061572276056, 0.0003428536292631179, 0.015255189365304631, 0.005377133871298435, 0.014996588880140091, 0.3585571301764061, 0.003031416467980678, 4.7681597016641845e-05, 1731624349459162605, 
0.20134949684143066, 0.23562681674957275, 0.00222112238407135, 0.0002900558174587786, 0.06726185911589813, 0.02566996254155033, 0.04492230570337214, 0.5714302091048588, 0.00966007076030738, 0.00045897629849476996, 1731624349551758435, 
0.49812012910842896, -0.00894153118133545, 0.00357405049726367, 0.0004207909223623574, 0.1807413942262149, 0.03611833716743354, 0.05060518225396154, 0.7137280325594733, 0.010322166850463048, 0.0012460653894653829, 1731624349638891789, 
-0.3969607949256897, -0.005842685699462891, 0.009141138754785061, 0.001814158633351326, 0.025175009736820297, 0.031782539124310734, 0.04040895644175474, 0.7865221456565433, 0.013465690247015107, 0.002133867007996428, 1731624349759625728, 
0.008276283740997314, -0.0727115273475647, 0.013643583282828331, 0.0032260126899927855, 0.018558266514924135, 0.0203655664216098, 0.023685495258190168, 0.8598328301607975, 0.012960042253563286, 0.0028000609347159588, 1731624349848603071, 
0.5143568515777588, 0.08857947587966919, 0.019912460818886757, 0.006514172535389662, 0.1531872997200509, 0.052293376754343195, 0.05754480485955524, 0.9087419252175977, 0.01745185613177149, 0.00520113543142264, 1731624349938488427, 
-0.059026360511779785, 0.09398019313812256, 0.025511180981993675, 0.010084306821227074, 0.09715661235885348, 0.06776411048420135, 0.07260707871243145, 0.9332989521943001, 0.023983137333525844, 0.008639413100045307, 1731624350058367804, 
0.3674275875091553, 0.14686155319213867, 0.031875014305114746, 0.015682507306337357, 0.17087698016068942, 0.09669240642005669, 0.10209374070381777, 0.9470943639979773, 0.03108796509760988, 0.014241609393554738, 1731624350148248728, 
-0.0990227460861206, -0.1534079909324646, 0.03869444876909256, 0.023133410140872, 0.09253518403502578, 0.061057887052582235, 0.06047152951542069, 1.0096964231244063, 0.030635867488226363, 0.01603674268488725, 1731624350239098952, 
-0.2906697392463684, -0.32995331287384033, 0.046273373067379, 0.03398187458515167, -0.017661483914971854, -0.005931891807939965, -0.005233316154590176, 1.1334862318106014, 0.02540778472162146, 0.013305540918246518, 1731624350358697816, 
0.10263073444366455, 0.38498979806900024, 0.053507864475250244, 0.046177737414836884, 0.027127044697238617, 0.11025912708353876, 0.09785041849012126, 1.1268130354973418, 0.03779012508477774, 0.02578627855886252, 1731624350447898218, 
0.7013383507728577, 0.9366236329078674, 0.057148527354002, 0.054495468735694885, 0.2268702449923345, 0.29667737809172884, 0.27439339691277653, 1.0812117982053187, 0.057241819633170064, 0.055430154871893685, 1731624350537739271, 
0.5027183890342712, 0.4961819648742676, 0.0613025538623333, 0.06806422024965286, 0.30090015209033777, 0.3547354240766469, 0.3066223924773164, 1.1569129743284807, 0.0656454316147755, 0.08127127173672734, 1731624350627571947, 
-0.07954150438308716, 0.2992361783981323, 0.06472104787826538, 0.0889771431684494, 0.1935358218130245, 0.34424265868795567, 0.280318117032653, 1.228042847647469, 0.06944019173284513, 0.10426449675543878, 1731624350757382438, 
0.06786179542541504, -0.12175989151000977, 0.0655427798628807, 0.10430974513292313, 0.1449645393458118, 0.2078697079270033, 0.1820687064389369, 1.141710247701022, 0.06857014955496143, 0.11534629815272981, 1731624350847414830, 
-0.011698424816131592, 0.05445605516433716, 0.06449845433235168, 0.11897789686918259, 0.09843152308704603, 0.17101479090702187, 0.1582121197544028, 1.0809209254796222, 0.06897791751609524, 0.12913988495081213, 1731624350937146282, 
-0.3640329837799072, 0.0225793719291687, 0.06167766824364662, 0.1356985718011856, -0.028516396773460878, 0.13736210001436377, 0.12980294451900531, 1.058235624186874, 0.06835741974180871, 0.1416332041606067, 1731624351057092961, 
0.38932615518569946, 0.19369447231292725, 0.05637592449784279, 0.15396825969219208, 0.08538574278751443, 0.16388502812529612, 0.15654535079923554, 1.0468853101582907, 0.0650948249111415, 0.15697851858141887, 1731624351147082038, 
0.006803274154663086, 0.15872710943222046, 0.05035912245512009, 0.16952039301395416, 0.06461723250493556, 0.17094633721410318, 0.16490545644590793, 1.0366323886327968, 0.06060396858054518, 0.17246655864287475, 1731624351236772300, 
-0.12745684385299683, -0.23931491374969482, 0.041710998862981796, 0.18652655184268951, 0.004218843605591341, 0.09742324841152494, 0.09541211455531341, 1.0210783909945274, 0.05725817908219821, 0.1769964578353545, 1731624351359152227, 
0.019192755222320557, 0.13561958074569702, 0.030924497172236443, 0.2037665694952011, 0.011591870091667938, 0.1267905829301521, 0.1223119629383298, 1.0366163691942418, 0.05103051734784814, 0.18906889101901536, 1731624351446419429, 
0.2252516746520996, 0.3524479866027832, 0.016310032457113266, 0.22187510132789612, 0.07588122819950754, 0.19322688008512504, 0.18609403907900127, 1.0383292288212183, 0.03970755081762585, 0.2071897604399643, 1731624351536341368, 
-0.2015553116798401, 0.1367526650428772, 0.002398830372840166, 0.23613573610782623, 0.001062966941230703, 0.18634438070159107, 0.18053436691893157, 1.0321823145466174, 0.02823770401689884, 0.2209508103411449, 1731624351656106919, 
0.3853316903114319, -0.1871388554573059, -0.015113802626729012, 0.2506329119205475, 0.09576358671751534, 0.13110338563447746, 0.1290956507776327, 1.0155523043940737, 0.021121235242966812, 0.22475707173321988, 1731624351745999592, 
0.11167919635772705, -0.21056771278381348, -0.03456692397594452, 0.26375532150268555, 0.0940993521800864, 0.09293061490106531, 0.09287370245056507, 1.0006127940310179, 0.016146219167192215, 0.22720517144785365, 1731624351839696085, 
-0.3496580123901367, 0.39637047052383423, -0.05414973944425583, 0.27468714118003845, -0.014013670017444843, 0.1716022359235872, 0.17230357239238397, 0.9959296463848142, -0.001970891495936147, 0.24198192656271558, 1731624351955728791, 
-0.04832720756530762, 0.5105918049812317, -0.08032231032848358, 0.28603771328926086, -0.01342955174670385, 0.24861528062039273, 0.24674886206305507, 1.0075640411944866, -0.027933790914514416, 0.25694091295071714, 1731624352046459071, 
-0.18327289819717407, -0.3971538543701172, -0.10648801922798157, 0.29447031021118164, -0.07286535753435479, 0.12750830537343813, 0.1299025451706, 0.9815689539106602, -0.03489077635041256, 0.2569567290454671, 1731624352165398193, 
-0.021151185035705566, -0.05678141117095947, -0.13405941426753998, 0.299938827753067, -0.05930560988786075, 0.11963198155240547, 0.12207110682376848, 0.9800188157965641, -0.0471363539878315, 0.260090546304381, 1731624352255347250, 
0.44051897525787354, 0.7144178152084351, -0.16594310104846954, 0.30282723903656006, 0.09173003118692032, 0.26662485108974765, 0.26869137355652173, 0.9923089363107545, -0.08127689024612891, 0.26858809344194595, 1731624352345190128, 
0.3235642910003662, 0.09889823198318481, -0.193654865026474, 0.30239400267601013, 0.1501453115179266, 0.25274432515597556, 0.2565254415342863, 0.9852602675364448, -0.10338524480123273, 0.2689221468424725, 1731624352435047184, 
-0.07319760322570801, 0.8747308254241943, -0.22558166086673737, 0.29860755801200867, 0.10565797408410185, 0.3926342384345907, 0.38506836917910925, 1.0196481192979066, -0.14917258481803622, 0.2704393203076488, 1731624352554938718, 
0.26819175481796265, 0.04812586307525635, -0.25767749547958374, 0.2915270924568176, 0.13943785356317617, 0.3246637242133474, 0.3240011257063589, 1.0020450500150082, -0.17431626679859505, 0.26467810527356683, 1731624352644776918, 
-0.02648341655731201, 0.23489707708358765, -0.2870653569698334, 0.28214409947395325, 0.09301675044082788, 0.31466281662264284, 0.31703991505288, 0.992502210865655, -0.2033664909762628, 0.2575870871312253, 1731624352735694707, 
-0.3360990285873413, 0.3686079978942871, -0.3211878538131714, 0.26722779870033264, -0.01992241902919864, 0.32484084444136224, 0.3279946441609773, 0.990384599944665, -0.23617008010131976, 0.24732257487645204, 1731624352824541746, 
-0.13849389553070068, 0.22053492069244385, -0.35106468200683594, 0.25084424018859863, -0.05318773119906193, 0.3061671290285041, 0.31021676010125543, 0.9869458017953978, -0.26407469141227086, 0.2342114819713595, 1731624352944361666, 
-0.15222948789596558, 0.4917161464691162, -0.3796500265598297, 0.23077796399593353, -0.07407572190227532, 0.3415921766462013, 0.3465393014652859, 0.9857242027147671, -0.29814327392620893, 0.2158884415326231, 1731624353044274816, 
-0.3877434730529785, 0.07610344886779785, -0.4091469645500183, 0.20545132458209991, -0.16282332141606082, 0.2769136598093577, 0.2927397709530528, 0.9459379533837472, -0.32202049998209636, 0.19906577546187076, 1731624353167360263, 
0.2858847975730896, 0.0401073694229126, -0.4312940537929535, 0.18238401412963867, -0.04619602462869299, 0.2444935896346912, 0.2639747818315186, 0.9262005557437633, -0.34019595876285147, 0.18180869898691654, 1731624353254197569, 
-0.2731863856315613, -0.014832019805908203, -0.45335283875465393, 0.1550183743238449, -0.10999626488861242, 0.2046506163465755, 0.22927831872153717, 0.8925859954299801, -0.35656935241200965, 0.16547497165553707, 1731624353344330808, 
0.030567944049835205, 0.34446799755096436, -0.47309693694114685, 0.12569357454776764, -0.06603050244175981, 0.24511133363973323, 0.27349496800588, 0.896218805877494, -0.3772870153767152, 0.1415035333430039, 1731624353463993620, 
-0.542851448059082, 0.9142893552780151, -0.49177825450897217, 0.09132781624794006, -0.17657737139347252, 0.35895203795760616, 0.3881026740704765, 0.9248893706216083, -0.40879795266575963, 0.10139888289313348, 1731624353553968085, 
-0.25968724489212036, 0.20769590139389038, -0.5046458840370178, 0.06134897097945213, -0.2017037634665101, 0.3104323278507633, 0.3455069419123475, 0.8984836198443668, -0.4256802008069803, 0.07038304604331631, 1731624353645427477, 
-0.41057246923446655, 0.5555412173271179, -0.5163038372993469, 0.02700132131576538, -0.25067625112032793, 0.3361702830230673, 0.37478140735953736, 0.896976948220301, -0.445252001698545, 0.03027355605481395, 1731624353763860588, 
-0.043977558612823486, 0.5343593955039978, -0.5252559185028076, -0.008229926228523254, -0.19039033407525363, 0.3526361804421448, 0.3968584584697353, 0.8885691432706028, -0.4604444037424258, -0.011941464836143216, 1731624353855333760, 
0.7490034103393555, 0.3935363292694092, -0.5319121479988098, -0.04721767455339432, 0.06127809542807516, 0.3560345248749975, 0.4106958173898275, 0.8669056508482865, -0.4690506187527322, -0.051486246459037245, 1731624353943081712, 
0.11381798982620239, -0.30307644605636597, -0.5349521040916443, -0.08127398043870926, 0.06099362634115806, 0.24119036524971613, 0.30577216427184717, 0.7887911112644168, -0.47126817650435643, -0.07371190805700736, 1731624354032951989, 
0.1550198197364807, -0.18804925680160522, -0.5354697704315186, -0.11841762810945511, 0.07903136793060316, 0.19583131945495486, 0.25837662515307636, 0.7579297056726154, -0.4720307903470505, -0.09464763799637545, 1731624354152872687, 
-0.3332977294921875, 0.4545840620994568, -0.5331099629402161, -0.15422970056533813, -0.023545102565621617, 0.24256707193112825, 0.31649473571835013, 0.7664173983196663, -0.4745527176417636, -0.13212217475356294, 1731624354242647078, 
-0.10149139165878296, 0.42471975088119507, -0.5273615717887878, -0.19472317397594452, -0.039420026731393526, 0.2716024937854786, 0.3526395503496983, 0.7701986164516756, -0.4730593400711715, -0.17141949203328674, 1731624354335764239, 
0.5238936543464661, 0.1386736035346985, -0.5202409625053406, -0.2275499850511551, 0.10918960275692044, 0.2626746299179755, 0.3496053724373446, 0.7513460908414713, -0.467539433013664, -0.20316770649155555, 1731624354422382257, 
-0.3092260956764221, -0.14863592386245728, -0.509606659412384, -0.26380038261413574, -0.010026206553057707, 0.2077835613193347, 0.2884071792233322, 0.7204521117639535, -0.46201232813322324, -0.22694030950620026, 1731624354543890669, 
-0.23381739854812622, 0.503395676612854, -0.49680662155151367, -0.2979522943496704, -0.06222354009953663, 0.2520016036398893, 0.3438963328792145, 0.7327836314218534, -0.45221678590451303, -0.2668468386997321, 1731624354642196315, 
-0.46831685304641724, 0.5818361639976501, -0.4791710376739502, -0.3357551693916321, -0.16340001088506217, 0.29077249275280687, 0.3867506876312434, 0.7518344557671499, -0.4377040511347901, -0.3109265649967034, 1731624354762007834, 
0.07842200994491577, 0.3712216019630432, -0.46258535981178284, -0.36602890491485596, -0.09688219313805542, 0.2861540752793797, 0.3942437747310471, 0.7258302949097772, -0.4206541213574982, -0.34957513181948685, 1731624354851773842, 
-0.10125774145126343, -0.2892801761627197, -0.4427543580532074, -0.39783647656440735, -0.10836002625203013, 0.2008583901489149, 0.30055271315356463, 0.6682967125513459, -0.40830505874813516, -0.3701339142414582, 1731624354943634770, 
0.30730903148651123, -0.35903626680374146, -0.42064106464385986, -0.428008496761322, -0.004506707575741106, 0.1545800446007243, 0.24221009575068153, 0.6382064468519965, -0.39713950226205685, -0.38474910157898173, 1731624355060447279, 
0.11832970380783081, 0.4229382872581482, -0.3978271782398224, -0.45527878403663635, 0.036599745285360336, 0.20657786908183276, 0.3141884286044095, 0.6574967448655858, -0.3761877433786227, -0.41591441411746766, 1731624355151572816, 
-0.05113637447357178, 0.3900459408760071, -0.3692896366119385, -0.48526856303215027, 0.01773046955231723, 0.23777410158752882, 0.353524956409961, 0.6725808101417228, -0.35192106396101985, -0.4464752738023917, 1731624355241233362, 
0.30733948945999146, 0.30522167682647705, -0.34117916226387024, -0.5111266374588013, 0.09703702810402609, 0.2511155064129142, 0.3802322950722, 0.6604265594147687, -0.3255451058257055, -0.47465390676931657, 1731624355361084443, 
-0.23739808797836304, 0.13045930862426758, -0.3123088479042053, -0.5348352193832397, 0.005978411305125678, 0.2349828606652161, 0.36690830896078924, 0.640440281471871, -0.29949772204262476, -0.49965738114374353, 1731624355450998101, 
-0.613882303237915, 0.4957144260406494, -0.2826365828514099, -0.5559152364730835, -0.15463129530298575, 0.25805900099277485, 0.39213232781416435, 0.6580916254246493, -0.2649522555840598, -0.5301361724147019, 1731624355540836805, 
0.02860581874847412, 0.6404826045036316, -0.2463335245847702, -0.5783877968788147, -0.09883767076421476, 0.30095650173610466, 0.4389044364782499, 0.6856993840184586, -0.22432441212977797, -0.5597123925925594, 1731624355663531825, 
-0.06431889533996582, -0.20219773054122925, -0.21246661245822906, -0.5965567827224731, -0.09912011416116291, 0.21675197874842722, 0.35189421802316895, 0.6159577726683652, -0.19936164798400974, -0.5743854205169383, 1731624355750557790, 
-0.028922200202941895, 0.1773858666419983, -0.178992360830307, -0.6119305491447449, -0.0795076648039195, 0.21599968475746217, 0.35128262039415026, 0.6148886173620081, -0.16715394082755974, -0.5918154076964607, 1731624355871998462, 
-0.4859941601753235, -0.14948338270187378, -0.1373259574174881, -0.6280074715614319, -0.19276396460364206, 0.17156524783563784, 0.2936993793318208, 0.5841525720141338, -0.14147658845080438, -0.6041271219305782, 1731624355960242061, 
0.4350217580795288, -0.6559158563613892, -0.10380306094884872, -0.6388112306594849, -0.03444316543314055, 0.1133840974947448, 0.213610812604069, 0.5307975570735926, -0.12883904823796996, -0.6071228607090968, 1731624356040159472, 
-0.5112201571464539, 0.11634725332260132, -0.06612034142017365, -0.6487901210784912, -0.15675460699126587, 0.12866270662789753, 0.24031842396989508, 0.5353842809988435, -0.09975395620621888, -0.6190654415227895, 1731624356160023338, 
0.07039451599121094, -0.27560633420944214, -0.023815983906388283, -0.6572876572608948, -0.09724782760869077, 0.11436014703879016, 0.2214282326736119, 0.5164659702963827, -0.07862981757466977, -0.624893756354609, 1731624356250187627, 
-0.16281139850616455, 0.5554675459861755, 0.014845622703433037, -0.6626933217048645, -0.10363929363797691, 0.16761455741405926, 0.30527042714120256, 0.5490690958300042, -0.03772890787680687, -0.636326875166236, 1731624356339777470, 
0.34868597984313965, 0.8774176239967346, 0.04995305836200714, -0.6655808687210083, 0.03056584009030089, 0.2535017844955238, 0.42211801984622954, 0.6005471753796965, 0.01522583147922206, -0.6466577864702164, 1731624356459666767, 
-0.00772625207901001, 0.5055080652236938, 0.08922459930181503, -0.666762113571167, 0.02350815651775551, 0.27658920684432703, 0.451379425379853, 0.6127643204197148, 0.06300682267761729, -0.6521565553030992, 1731624356549555095, 
0.4948360323905945, -0.1851201057434082, 0.12875382602214813, -0.6659882068634033, 0.14027486717357787, 0.21812605310666128, 0.38893735887821396, 0.5608256654382281, 0.09099797706420089, -0.6515690348196838, 1731624356639878004, 
-0.6180915236473083, 0.6946981549263, 0.17156760394573212, -0.6622501611709595, -0.05565228708218942, 0.25863736805047643, 0.4388934667476026, 0.5892941855960977, 0.14344753763319779, -0.653211941142722, 1731624356759211673, 
0.8045672178268433, 0.218303382396698, 0.20696528255939484, -0.6575376391410828, 0.17303570582278976, 0.25292538623789457, 0.4481937261715252, 0.5643215678148498, 0.18385437529045076, -0.6493636902129222, 1731624356849105208, 
-0.1151546835899353, -0.38547658920288086, 0.24592013657093048, -0.6501873731613159, 0.08488261704059027, 0.17989945862617346, 0.3639555645976562, 0.4942896224846784, 0.21002978494355137, -0.6459304298389041, 1731624356938982194, 
0.3531748056411743, 0.06812441349029541, 0.28471410274505615, -0.640938937664032, 0.15544048479523825, 0.1836272048100229, 0.3700189644580354, 0.49626430655785597, 0.24304915484927098, -0.6396277971559532, 1731624357057799556, 
-0.09734255075454712, 0.23467403650283813, 0.32617002725601196, -0.6283854842185974, 0.08884519115684045, 0.1933645594868224, 0.38660635807093335, 0.5001587673096273, 0.28150136936239506, -0.6317518621940256, 1731624357152308479, 
-0.24445044994354248, -0.0654454231262207, 0.35967835783958435, -0.6163853406906128, -0.003485264440841171, 0.17222738756951406, 0.35838517150863614, 0.48056504917465265, 0.31399038561121984, -0.6232519615954165, 1731624357238534515, 
-0.35026925802230835, 0.26887375116348267, 0.3962535262107849, -0.6012418270111084, -0.09364665609015449, 0.18283596193688292, 0.36971421086519757, 0.49453322745970185, 0.35333933066369455, -0.6113744306842701, 1731624357358531066, 
0.18341845273971558, 0.5938923954963684, 0.43247395753860474, -0.5841932892799377, -0.013271241004542592, 0.22260068076395653, 0.42253704817651855, 0.5268193208728129, 0.3982999466376358, -0.5945241845880819, 1731624357448216936, 
0.5016409754753113, 0.4793492555618286, 0.47149625420570374, -0.5631962418556213, 0.12751331764540375, 0.24851692919221233, 0.463300141994818, 0.536405899040264, 0.4413038347962129, -0.5750642406297138, 1731624357538138228, 
0.1739366054534912, -0.06109553575515747, 0.5027047991752625, -0.5444298386573792, 0.1339164254009375, 0.20821985850513475, 0.4265021539838096, 0.4882035332300783, 0.47298076764252267, -0.5587035207192379, 1731624357657985545, 
0.039817094802856445, 0.03891301155090332, 0.5344154834747314, -0.5233379602432251, 0.10563935237875383, 0.19358242257160205, 0.4104904714481602, 0.4715881026145794, 0.5052376721740797, -0.5402778626349016, 1731624357748114692, 
0.28486478328704834, 0.11277663707733154, 0.5666900277137756, -0.4998932480812073, 0.15196831343788658, 0.19005790844527898, 0.41279745139900403, 0.46041444248543034, 0.5371149464718741, -0.519851772747485, 1731624357839602355, 
-0.2908744215965271, 0.13566899299621582, 0.6010202765464783, -0.47202789783477783, 0.03264905723002158, 0.18377790568057656, 0.40735997154020037, 0.45114375127660383, 0.5709357375975007, -0.4973399044385757, 1731624357957529063, 
0.5868962407112122, -0.11512857675552368, 0.6314783096313477, -0.44498103857040405, 0.17651278740665294, 0.16660302776737324, 0.3896645144259776, 0.42755504183592236, 0.5953728535421896, -0.4772975138844397, 1731624358048510135, 
-0.354445219039917, 0.02353757619857788, 0.6587181091308594, -0.4182473421096802, 0.03269539709542482, 0.15868430373821252, 0.37558286012494546, 0.4225014519710055, 0.6238044566849011, -0.454497991586702, 1731624358137348116, 
-0.19842195510864258, 0.21594113111495972, 0.6862227916717529, -0.38865578174591064, -0.02789196937183526, 0.1629908794247618, 0.38264164297023, 0.42596220881646873, 0.6542245563349157, -0.427888341572749, 1731624358257286602, 
-0.25473225116729736, 0.07077860832214355, 0.7148621082305908, -0.35483115911483765, -0.08876154325125515, 0.15730032504195593, 0.3713551950596654, 0.4235845549883383, 0.6818902580873497, -0.40131887468537053, 1731624358347031316, 
0.5599318146705627, 0.02028888463973999, 0.7369049787521362, -0.32629337906837463, 0.08381625610670845, 0.15686937787847702, 0.37391430232809486, 0.4195329702602026, 0.704455346653563, -0.3757866818838788, 1731624358435919909, 
0.16049331426620483, 0.005094647407531738, 0.7599530220031738, -0.29298853874206543, 0.10319201245751086, 0.15636065987510248, 0.37459895911742097, 0.4174081536251413, 0.7270551010369626, -0.34914326405636936, 1731624358560029564, 
-0.3025067448616028, 0.24175983667373657, 0.7816979885101318, -0.25879594683647156, -0.004066832106098761, 0.1633388982360246, 0.38358537598486947, 0.4258214949322455, 0.7528391865083113, -0.3176722088575786, 1731624358639646857, 
-0.12335455417633057, 0.318814754486084, 0.7998379468917847, -0.22741104662418365, -0.03328946194018191, 0.17629359722692076, 0.4031034101782029, 0.43734087277749734, 0.779011326634675, -0.28238660116389425, 1731624358736497440, 
0.41606783866882324, 0.26076197624206543, 0.8207470774650574, -0.18774153292179108, 0.0880236649531759, 0.18781229970939703, 0.4230641000918394, 0.4439334362538122, 0.8013982142719678, -0.2473559119919491, 1731624358856273779, 
0.16915303468704224, 0.20023196935653687, 0.8380892872810364, -0.15059305727481842, 0.10923203445592237, 0.19031972961928387, 0.429973991705464, 0.44263079463107285, 0.8222737707706514, -0.21190418699524965, 1731624358946204546, 
0.018255174160003662, 0.1622636318206787, 0.8538044095039368, -0.11269601434469223, 0.08340187048791514, 0.18521665950066882, 0.4251000371551307, 0.4357013486523836, 0.8412950427442407, -0.17644080639020043, 1731624359038750079, 
0.18013668060302734, 0.19646573066711426, 0.8663597702980042, -0.07823120802640915, 0.10884773237855956, 0.18774692414541974, 0.4326028782689277, 0.4339937008664719, 0.8591559872042974, -0.1390283671937255, 1731624359125943035, 
0.14941710233688354, 0.6137650609016418, 0.880092203617096, -0.03568780794739723, 0.12379566332158629, 0.22444957395270623, 0.47987164140734706, 0.4677283560546527, 0.8791529197144577, -0.09232442084791606, 1731624359246785994, 
-0.3699914216995239, 0.42096394300460815, 0.8910025358200073, 0.0038593849167227745, -0.007743199402593243, 0.22864984896123733, 0.4819203879599566, 0.4744556459400845, 0.8971753165917953, -0.04571974161099632, 1731624359345691870, 
0.20230162143707275, 0.7987300753593445, 0.900547981262207, 0.044340189546346664, 0.05347360848046998, 0.2743075922679312, 0.5304926582229782, 0.5170808455423213, 0.914023145797991, 0.008735426239311258, 1731624359435531186, 
0.5237783789634705, 0.5205983519554138, 0.908845841884613, 0.08862364292144775, 0.17921971361082029, 0.28935071346897845, 0.5491285370955465, 0.5269271107260491, 0.9257527114042606, 0.059067396703012434, 1731624359555318196, 
-0.17173701524734497, -0.024559974670410156, 0.914088249206543, 0.12476357072591782, 0.07670808337705488, 0.2257844197628179, 0.4827718667941461, 0.46768346561315344, 0.9337702179665167, 0.09805934618297625, 1731624359648052481, 
-0.07571762800216675, -0.009440362453460693, 0.9183468222618103, 0.16543875634670258, 0.03109674858712634, 0.19018981162930026, 0.4451225583331964, 0.42727515842262415, 0.9404117150216676, 0.13762677156451636, 1731624359765073959, 
-0.1098252534866333, 0.20616012811660767, 0.9210193753242493, 0.20582215487957, -0.007917247926368234, 0.18558271730946596, 0.4322451112802232, 0.42934601795681904, 0.9451868016703207, 0.17940169529588726, 1731624359855937016, 
0.15698623657226562, -0.258583128452301, 0.9218207001686096, 0.25148823857307434, 0.03064757010773267, 0.15206542007828375, 0.38914284535563826, 0.3907701809069904, 0.9472829701279987, 0.2121578183771945, 1731624359944804890, 
0.038520634174346924, 0.23871421813964844, 0.9211323857307434, 0.2886558175086975, 0.03411065866795232, 0.1591760318494788, 0.40435608310598564, 0.39365311540956144, 0.9491693654611908, 0.2537217085979059, 1731624360034656331, 
0.18563085794448853, -0.04406636953353882, 0.9185430407524109, 0.32970723509788513, 0.07264041685721641, 0.14602927746277025, 0.3955359286790334, 0.3691934584816668, 0.9492601064372227, 0.2904347641167467, 1731624360154650125, 
0.3429298996925354, 0.3527589440345764, 0.9146184325218201, 0.36959078907966614, 0.1466166521881445, 0.17233570786834387, 0.42457491251203816, 0.4059017685446913, 0.9467316980901163, 0.33184313996718406, 1731624360244582735, 
-0.1400827169418335, 0.2720869183540344, 0.909740686416626, 0.40610840916633606, 0.0701854159591909, 0.18072084614787423, 0.4324327271015547, 0.41791667193920046, 0.9434180148973605, 0.3749657353715607, 1731624360367667054, 
0.48833179473876953, 0.4876919984817505, 0.9017051458358765, 0.4505251944065094, 0.18415388426064067, 0.21245386540571698, 0.46985954882530967, 0.45216462225120335, 0.9366432024974783, 0.4204485784612606, 1731624360424400463, 
0.345419704914093, 0.20876318216323853, 0.8924780488014221, 0.4907970428466797, 0.22531503716352214, 0.21072288279838802, 0.47581651556868015, 0.4428658440881124, 0.9288631040309107, 0.46244864003300984, 1731624360544426465, 
0.18959099054336548, 0.2854612469673157, 0.8819674849510193, 0.5300846695899963, 0.21372122405260405, 0.2131356063888476, 0.47901543198941454, 0.44494517745214845, 0.9190582604019324, 0.5046266684856189, 1731624360664419355, 
-0.40623289346694946, 0.5002586841583252, 0.8709597587585449, 0.5652854442596436, 0.048979668198987164, 0.22595007481349477, 0.49080130241019837, 0.4603697539185661, 0.9065524508292262, 0.5541502932279558, 1731624360754298215, 
-0.09434282779693604, -0.0350375771522522, 0.8560900092124939, 0.6074831485748291, 0.004842862839938615, 0.18673678244914627, 0.4412762116322936, 0.4231743690837117, 0.8948625881163048, 0.5906493538701683, 1731624360843693330, 
0.1563679575920105, -0.4602409601211548, 0.8407686352729797, 0.6457141041755676, 0.03677525186520455, 0.13615457859774327, 0.3723118286149162, 0.36570038374625097, 0.8850353256422343, 0.6164329656441954, 1731624360962449188, 
-0.32500559091567993, -0.007341146469116211, 0.8242311477661133, 0.6817519664764404, -0.06065929415378323, 0.1298443650141028, 0.35936385963114925, 0.36131725974719586, 0.8719875232226716, 0.6507988412042598, 1731624361056142576, 
-0.4825139045715332, 0.22624295949935913, 0.8072030544281006, 0.7153446674346924, -0.17089923043857266, 0.13664771003600373, 0.3631679200004285, 0.37626591587671754, 0.8558803432047595, 0.6894658103052551, 1731624361143191357, 
-0.12668687105178833, 0.01042330265045166, 0.7855833172798157, 0.7542781233787537, -0.15838761589909217, 0.1316300732471837, 0.35368670395190777, 0.37216573814174814, 0.8395827079580763, 0.7235627086313127, 1731624361232105139, 
-0.08668851852416992, 0.4080156683921814, 0.7639419436454773, 0.7893901467323303, -0.13409029025036007, 0.15145112576775366, 0.38516878244460034, 0.39320716701524794, 0.8185899085903754, 0.7640555174917593, 1731624361352935360, 
-0.11126989126205444, 0.4450021982192993, 0.7417171001434326, 0.8228836059570312, -0.12376541597080697, 0.176063399733948, 0.4091303530104209, 0.43033570703922697, 0.7949360111030831, 0.8042140044434827, 1731624361442869163, 
-0.44268643856048584, 0.3486135005950928, 0.715043306350708, 0.8591082692146301, -0.2064009856567861, 0.1839216496013929, 0.4105255437764441, 0.4480151171824507, 0.769816764463066, 0.843829225970304, 1731624361562724563, 
0.6356865763664246, 0.08004158735275269, 0.6918575167655945, 0.8880816698074341, 0.018298887856893792, 0.17404389628146283, 0.411156611511007, 0.42330316820602437, 0.7467214103325254, 0.8748132497337994, 1731624361652510441, 
-0.5523838400840759, 0.2437627911567688, 0.6649293899536133, 0.9189823865890503, -0.13330472649201935, 0.17593313356224347, 0.40476395111569907, 0.4346561324873374, 0.7200111562936217, 0.9101835232421515, 1731624361744233597, 
-0.04731547832489014, 0.26882022619247437, 0.6377748847007751, 0.9478291273117065, -0.10873547052368591, 0.17420562517702057, 0.40827917512801826, 0.4266826127548568, 0.6918962608210347, 0.9437765117737891, 1731624361862210778, 
0.07961708307266235, -0.3167370557785034, 0.6103562116622925, 0.9747276306152344, -0.06349227761634466, 0.13674861828685758, 0.3589370267955784, 0.3809822004368989, 0.6708210584478247, 0.9662220692758069, 1731624361952437121, 
0.003981649875640869, -0.05698704719543457, 0.5768132209777832, 1.004887342453003, -0.04564914412276093, 0.12906221825445288, 0.3533564991539702, 0.36524648213196104, 0.6458743701213768, 0.991806526164885, 1731624362042126850, 
0.21312105655670166, -0.24539577960968018, 0.545394778251648, 1.0308170318603516, 0.02142708726412562, 0.11588880732430196, 0.3382817163197702, 0.3425807595665467, 0.6232928625736328, 1.0128008291681858, 1731624362162125176, 
-0.15541386604309082, 0.33178776502609253, 0.514578640460968, 1.0546543598175049, -0.022003835577215296, 0.14094180180104415, 0.3683969274524744, 0.3825813716082813, 0.5921925839832254, 1.0402019330865957, 1731624362251685109, 
-0.13651782274246216, 0.18508899211883545, 0.48325830698013306, 1.0767308473587036, -0.05024748391963272, 0.1510762144691545, 0.38379531654414634, 0.39363746235756075, 0.5598175288344289, 1.0668648551744098, 1731624362341571193, 
0.18616312742233276, -0.1554725170135498, 0.44530704617500305, 1.101302981376648, 0.010653922824550813, 0.13461440943769054, 0.3657259178999216, 0.3680745685476053, 0.5329070624812372, 1.0867107386084043, 1731624362464657508, 
0.15572184324264526, -0.13480472564697266, 0.40961265563964844, 1.1221750974655151, 0.04803768590416889, 0.12718622309595554, 0.35884942346321974, 0.35442783178664206, 0.5052886090278385, 1.1057001010576764, 1731624362551263442, 
0.7267999053001404, 0.6772685050964355, 0.37522274255752563, 1.1404949426651, 0.2362181088932278, 0.1796184831049238, 0.4419449956411748, 0.4064272361413051, 0.46492354055866775, 1.1306193391871477, 1731624362641774114, 
0.48487991094589233, 0.13598430156707764, 0.3328319489955902, 1.1608879566192627, 0.3005970986479183, 0.18018591822339428, 0.4541938706816322, 0.39671587367081806, 0.4306717514383377, 1.1498065958322399, 1731624362760950992, 
-0.22337764501571655, -0.44428449869155884, 0.2993515729904175, 1.1752678155899048, 0.15128809204797727, 0.13417646769249686, 0.38797247429384424, 0.3458401731636088, 0.40590427159630865, 1.1630389809307666, 1731624362850813879, 
0.08809852600097656, 0.39536309242248535, 0.26120880246162415, 1.1900737285614014, 0.13685917286407823, 0.1632303241160341, 0.4220027002933191, 0.38679924086404777, 0.36684463956484753, 1.1816205368515422, 1731624362943932500, 
-0.23534470796585083, 0.47745728492736816, 0.2239048331975937, 1.2025247812271118, 0.03992802456330817, 0.18780951508879032, 0.4469549006320373, 0.4201979099529048, 0.32302406527452093, 1.2009485108589806, 1731624363060556866, 
0.1949840784072876, 0.28842639923095703, 0.17894525825977325, 1.2156139612197876, 0.08117847526444522, 0.19322061620353917, 0.4534088901345603, 0.42615092118329695, 0.2820562786332522, 1.2162114638086876, 1731624363152059700, 
0.06384432315826416, 0.08955401182174683, 0.1438927799463272, 1.2243596315383911, 0.07355115632029503, 0.17909875571926587, 0.4347034472078342, 0.41200215197198037, 0.24468863453766596, 1.2284522025890963, 1731624363240309887, 
0.07989877462387085, 0.34029608964920044, 0.10325419902801514, 1.2326934337615967, 0.07611528005771999, 0.1931110915817354, 0.44935481928640025, 0.42975190938956936, 0.2015431969293044, 1.2406598683171408, 1731624363360287777, 
0.11096084117889404, 0.48282748460769653, 0.06503242254257202, 1.2388845682144165, 0.08733112375984067, 0.2183126766629843, 0.47380902709585804, 0.46076090614207876, 0.15470799717617814, 1.251450610253999, 1731624363450019854, 
0.4592055082321167, -0.09482383728027344, 0.0187201090157032, 1.2441807985305786, 0.18064645465983212, 0.1846233156778174, 0.4403563766220124, 0.4192588673157606, 0.1205374334587434, 1.2571321065370067, 1731624363539985385, 
-0.11949735879898071, 0.5642521381378174, -0.01781683973968029, 1.2468230724334717, 0.10317354909376848, 0.212880637190512, 0.4732258653698169, 0.4498499612318314, 0.0713606075426605, 1.2647569446869407, 1731624363659813080, 
0.3018607497215271, -0.027628302574157715, -0.0590185821056366, 1.2481716871261597, 0.15132360618326038, 0.18319410365597305, 0.44660010302627484, 0.41019718180672965, 0.03401502029441614, 1.268299970767808, 1731624363749669077, 
-0.441398561000824, 0.41831064224243164, -0.10010462254285812, 1.2480472326278687, -0.0063311059976514095, 0.19921212411630304, 0.4505104878133074, 0.4421919788887512, -0.012777859546533377, 1.2714329280144563, 1731624363839866840, 
-0.10584640502929688, 0.22705316543579102, -0.14508959650993347, 1.2458025217056274, -0.03377688554711013, 0.1936792756116858, 0.43957643631112714, 0.44060431727646526, -0.056349383633568284, 1.2721768261467208, 1731624363959412801, 
0.2971706986427307, -0.28940582275390625, -0.1818041205406189, 1.2424429655075073, 0.04823376373550073, 0.15123535640586933, 0.3903123159687735, 0.3874726730835948, -0.0874657768206064, 1.2709179825528234, 1731624364048244642, 
-0.0743531584739685, 0.25385332107543945, -0.2218603640794754, 1.2372087240219116, 0.016612452546461, 0.16152386652024409, 0.40124236581393363, 0.4025593513600875, -0.12869500022614389, 1.2684623903809404, 1731624364139187550, 
0.006794929504394531, -0.0029307007789611816, -0.26248452067375183, 1.230177402496338, 0.012368775273993285, 0.15081218402702098, 0.38874108262877843, 0.38795020841940825, -0.16566981069951878, 1.2647853549357235, 1731624364258951012, 
-0.2690315246582031, 0.3604940176010132, -0.3067913055419922, 1.2207204103469849, -0.06019630049504161, 0.1652919094272406, 0.4048846885011219, 0.40824440667082074, -0.20993216482428947, 1.259056263960066, 1731624364352087225, 
-0.11993688344955444, 0.006410717964172363, -0.3431193232536316, 1.2111555337905884, -0.07752509139141306, 0.1528333684125143, 0.3854157113944217, 0.3965416144027135, -0.24739772429874077, 1.2523061703666163, 1731624364438688849, 
0.005532681941986084, -0.11454528570175171, -0.38195961713790894, 1.1996022462844849, -0.05756325576126298, 0.13469326014854904, 0.3608193169009235, 0.3732983624752389, -0.28077480903793406, 1.2449065481783284, 1731624364559906789, 
-0.10124248266220093, 0.43881088495254517, -0.4205816984176636, 1.1861802339553833, -0.06472863434416043, 0.16026871469853357, 0.3929656678284305, 0.40784406328470196, -0.32424668520042355, 1.2337065753554948, 1731624364648408472, 
0.6760014295578003, -0.08002769947052002, -0.4620952904224396, 1.1696529388427734, 0.1310855903835838, 0.1512211917793201, 0.3886952697704295, 0.38904819157854453, -0.35568053133743915, 1.2229249458312403, 1731624364738325273, 
0.3484058976173401, -0.1438133716583252, -0.4960911273956299, 1.1545354127883911, 0.18631725488915604, 0.14013333747973142, 0.3831850857520722, 0.3657066589757626, -0.38654330084236327, 1.211844974252017, 1731624364858315320, 
0.0491175651550293, 0.024699747562408447, -0.5308833122253418, 1.1375476121902466, 0.1482545592649021, 0.1413467925232867, 0.38544504361557885, 0.3667106241590643, -0.419767595675964, 1.1988289869477502, 1731624364948006951, 
-0.16990262269973755, -0.5184842944145203, -0.5669159889221191, 1.1179403066635132, 0.056705986927480106, 0.10425322673268804, 0.3346799885796474, 0.311501225917718, -0.4445961713743208, 1.1887958779477459, 1731624365039945944, 
-0.5308428406715393, 0.4514031410217285, -0.6069521307945251, 1.0940732955932617, -0.09543510484849946, 0.13197826914876515, 0.3661027033002734, 0.3604952051952428, -0.485120422847243, 1.1706582123124394, 1731624365157723369, 
0.15392601490020752, 0.4560129642486572, -0.638080358505249, 1.073602318763733, -0.024122346778891232, 0.16380263285022054, 0.404251659184903, 0.4051996550378978, -0.5249619609056948, 1.1496573211523213, 1731624365248241147, 
0.37815821170806885, 0.05076998472213745, -0.6709734797477722, 1.0501163005828857, 0.08220922150004616, 0.15856698107113407, 0.40286179860333515, 0.39360143260260305, -0.5568572327488935, 1.1308500322762458, 1731624365337517023, 
-0.2644246220588684, -0.2462785840034485, -0.7033882737159729, 1.0248889923095703, -0.014912591222231472, 0.1307317558533633, 0.36207330252418113, 0.36106433405051275, -0.5844607521116106, 1.1141125388300814, 1731624365457286049, 
-0.4629889726638794, 0.6966100931167603, -0.7375532388687134, 0.9957936406135559, -0.12785922590123117, 0.16960648254831298, 0.40733419616522304, 0.41638164471592054, -0.6270470382731697, 1.0863095359648645, 1731624365547204154, 
0.5579149127006531, -0.07393938302993774, -0.7644845247268677, 0.9707858562469482, 0.0530344434035703, 0.15320584665585105, 0.3932269596578286, 0.3896117570096543, -0.654156591971111, 1.065277983103605, 1731624365637089345, 
0.2455928921699524, -0.48768556118011475, -0.7933367490768433, 0.9420045018196106, 0.09795532623661299, 0.11699344085262116, 0.3469921587502687, 0.3371645090597615, -0.6743000855344505, 1.0488953197693922, 1731624365759998608, 
-0.44817787408828735, -0.18718868494033813, -0.8210906982421875, 0.9119939208030701, -0.04965012582219869, 0.11014145743829348, 0.3267116893913231, 0.3371212632259697, -0.6995602055231246, 1.02813859530998, 1731624365846739777, 
-0.8152269721031189, 0.1365615725517273, -0.8497520685195923, 0.8779453635215759, -0.25158826330506734, 0.11739997040720976, 0.3233603286533267, 0.36306237965595894, -0.7298113980094784, 1.002033694230095, 1731624365936698988, 
-0.4111841917037964, 0.06319403648376465, -0.8720561861991882, 0.8489241600036621, -0.29151027507463295, 0.11609628001426338, 0.3182009382354527, 0.36485209835666155, -0.7579932902900662, 0.9755650646239978, 1731624366055473315, 
-0.1779899001121521, 0.17927420139312744, -0.8958240747451782, 0.81586092710495, -0.25695701816936095, 0.12466887079584806, 0.3297601903065973, 0.3780591910743869, -0.7861293206294712, 0.9466154672744592, 1731624366145362220, 
-0.22466427087783813, 0.6484262943267822, -0.9183719158172607, 0.781370997428894, -0.23960508007542541, 0.16270834836441928, 0.3820915319555598, 0.4258360491049656, -0.8201820184155526, 0.9088811849256287, 1731624366238853251, 
-0.09398233890533447, 0.44499605894088745, -0.9374564290046692, 0.7498912215232849, -0.19574354084737944, 0.18388596982455757, 0.405895246743433, 0.4530379976112215, -0.8502586240190906, 0.8715343087163119, 1731624366326133059, 
-0.44232499599456787, 0.02735048532485962, -0.9588586688041687, 0.7102921605110168, -0.2627010186609586, 0.15948960387048636, 0.37058331281444346, 0.43037448896233804, -0.8739283761881044, 0.8399195310810855, 1731624366448349741, 
-0.18963688611984253, 0.36369144916534424, -0.9766086935997009, 0.6742228865623474, -0.23898012702689328, 0.170620429429783, 0.38335031982285483, 0.445077049912535, -0.8994185725562819, 0.8022862209349254, 1731624366545789892, 
0.0863606333732605, 0.12020587921142578, -0.9930374622344971, 0.6366844773292542, -0.1509567048041916, 0.16227179634671737, 0.37867828656546887, 0.428521523688321, -0.9201923445976956, 0.7679986849568182, 1731624366635751590, 
0.006655752658843994, 0.3095484972000122, -1.0067298412322998, 0.6023562550544739, -0.10565959483867882, 0.17298956304786214, 0.3959712707725457, 0.43687402550785315, -0.941426242037958, 0.7295650100118825, 1731624366755480741, 
-0.33489513397216797, 0.3186876177787781, -1.0216484069824219, 0.5597570538520813, -0.16469048409849862, 0.18114840226154447, 0.39823215662654166, 0.4548814033403729, -0.961243656943724, 0.6897558136139766, 1731624366848329061, 
0.1383621096611023, 0.5797889232635498, -1.0333186388015747, 0.5206369161605835, -0.07761503185670525, 0.21068760661678862, 0.44368509815781154, 0.47485842434548137, -0.9818997396954305, 0.6428624222365505, 1731624366935291198, 
-0.04154205322265625, 0.1666799783706665, -1.0432803630828857, 0.4811271131038666, -0.06915840792416991, 0.19419148945318535, 0.42712806477631526, 0.4546446498543298, -0.9969103117080413, 0.6032930478067478, 1731624367056081520, 
0.6646575331687927, -0.18344783782958984, -1.0525016784667969, 0.43737608194351196, 0.12225313572033064, 0.16343357701880093, 0.4008332024655418, 0.40773462880199085, -1.006046341145013, 0.5723450389492096, 1731624367144982141, 
-0.4543049931526184, -0.016375243663787842, -1.058558464050293, 0.4012662470340729, -0.03410993283175534, 0.15129895725737144, 0.3769327146250924, 0.401395133367125, -1.0167728701929015, 0.5368527897949908, 1731624367235089357, 
-0.503264844417572, 0.22373491525650024, -1.0637184381484985, 0.36059147119522095, -0.1574925027711757, 0.15483526229611094, 0.3777727187662138, 0.4098635359424442, -1.0278307976555399, 0.495444613415567, 1731624367354899694, 
0.09212201833724976, -0.0565798282623291, -1.0671887397766113, 0.3197052478790283, -0.09172945516250058, 0.14005488073627612, 0.36142323090285233, 0.38750934848989205, -1.0349300362848843, 0.46040622812509857, 1731624367444850634, 
0.44853490591049194, 0.13454806804656982, -1.0689003467559814, 0.283520370721817, 0.05431413846297281, 0.149248714204249, 0.38211230767650484, 0.3905886076053916, -1.0405918962551457, 0.42268606572444345, 1731624367536246473, 
0.5363907814025879, 0.026120305061340332, -1.0690648555755615, 0.23853546380996704, 0.18239210326564378, 0.1501941283431391, 0.39467832367529126, 0.38054820681438395, -1.044377170377203, 0.38726937394149846, 1731624367646724396, 
-0.1433435082435608, 0.6143986582756042, -1.0675816535949707, 0.1975892335176468, 0.09997055021013768, 0.19165539871011997, 0.44347057834169457, 0.43217162100537204, -1.0485670110415688, 0.33859377113860595, 1731624367744897226, 
0.7247974276542664, 0.00048279762268066406, -1.0644649267196655, 0.15688073635101318, 0.2632854478491832, 0.18262856508204617, 0.43870462083732537, 0.41629049799720724, -1.048506834804717, 0.30327310805346813, 1731624367864775223, 
0.06996983289718628, 0.09931409358978271, -1.0600556135177612, 0.12021767348051071, 0.20920398386482392, 0.1778148743166506, 0.438364689871994, 0.4056322929854911, -1.048366653933084, 0.2637550712502408, 1731624367954668458, 
0.13913869857788086, -0.10988253355026245, -1.0528048276901245, 0.07570261508226395, 0.18581457888879252, 0.1528812662777854, 0.4170418108231436, 0.36658498575006976, -1.0470468004084792, 0.2286314274571856, 1731624368043835313, 
-0.442287802696228, 0.09510380029678345, -1.0446537733078003, 0.0357261560857296, 0.016191478199591824, 0.1484910381345217, 0.40217398484322814, 0.36922089376916095, -1.0444953982698735, 0.18913034832062148, 1731624368163790646, 
0.8119467496871948, 0.37750309705734253, -1.0351771116256714, -0.003103251103311777, 0.2312280229781817, 0.18020685330420197, 0.44611752983939096, 0.4039447931335026, -1.0381059120681526, 0.1473639503251481, 1731624368256148556, 
-0.23562604188919067, -0.07736295461654663, -1.0247726440429688, -0.03897133097052574, 0.10193689653780769, 0.15895841259856952, 0.4163581213507028, 0.3817829038206203, -1.032606646855887, 0.1110278695093884, 1731624368342448093, 
0.5833970308303833, -0.005380153656005859, -1.0105011463165283, -0.08166129887104034, 0.22820883718449705, 0.15575001427201648, 0.41892486328949163, 0.37178508109791475, -1.024869188000554, 0.0764103816016789, 1731624368433254503, 
-0.0956079363822937, 0.6775610446929932, -0.9958202838897705, -0.11943002045154572, 0.14578723830141038, 0.19941648224674316, 0.4676784102287302, 0.42639659621921266, -1.0131624104309047, 0.027609035236276804, 1731624368553063446, 
0.5067862272262573, 0.19698399305343628, -0.9799652099609375, -0.15624740719795227, 0.24025970744979824, 0.20006013580300702, 0.47457721182263213, 0.42155445061230046, -1.0008351910648738, -0.012143323273745983, 1731624368642985217, 
-0.21089297533035278, -0.16178852319717407, -0.9601364731788635, -0.19729284942150116, 0.11301784848760915, 0.16180636607499593, 0.4277864735006867, 0.37824095921241463, -0.9899919783249238, -0.046009414311700365, 1731624368736588883, 
0.012692630290985107, 0.3621289134025574, -0.9426207542419434, -0.23022571206092834, 0.08690800632397323, 0.18413777391071412, 0.44109521301119237, 0.41745584281832093, -0.9740362152289941, -0.08645964667157971, 1731624368822690914, 
-0.39916545152664185, 0.058577775955200195, -0.9219530820846558, -0.2649405300617218, -0.04588864756822707, 0.1657130411206453, 0.4107967296154194, 0.40339425602482987, -0.9589691474159737, -0.12313216678599664, 1731624368944306813, 
0.2401808500289917, 0.4497378468513489, -0.9005047082901001, -0.2981761395931244, 0.0337452437246486, 0.18814862594104784, 0.44184184459498344, 0.4258279930763806, -0.9388478475854477, -0.1650141095042627, 1731624369041458856, 
0.06943851709365845, -0.0394902229309082, -0.878502368927002, -0.32946813106536865, 0.03968078201516818, 0.16615294999092295, 0.41492973463313637, 0.4004363537306587, -0.9214048129976832, -0.19776124829952513, 1731624369134349817, 
0.14327353239059448, 0.2778940200805664, -0.8511564135551453, -0.3652070164680481, 0.06811771309230555, 0.17698941711478808, 0.42803333551719114, 0.41349446977285637, -0.8998895960486247, -0.23435449616376886, 1731624369264308614, 
-0.2501559257507324, -0.11135858297348022, -0.8245696425437927, -0.3969259262084961, -0.020813561100702482, 0.14856737617402563, 0.3926095045333985, 0.37841003454715727, -0.8809168881837594, -0.2654240834555653, 1731624369352255101, 
-0.21719443798065186, 0.06179851293563843, -0.7980465292930603, -0.42598316073417664, -0.07368814371819711, 0.1430678203096951, 0.38165238965869186, 0.374864206765846, -0.8591522189843435, -0.29786151956172124, 1731624369441958937, 
0.18309205770492554, 0.15913152694702148, -0.7717013955116272, -0.45307663083076477, -0.004042489815708358, 0.15091925362406916, 0.39019996324537193, 0.38677413592980187, -0.8353989503393238, -0.3292059678182812, 1731624369561723521, 
0.052561283111572266, 0.41519588232040405, -0.7392549514770508, -0.483542799949646, 0.01433246896479689, 0.17558831881709913, 0.41938039559054097, 0.4186850903458385, -0.8070297227574379, -0.36411723028901777, 1731624369651571159, 
0.47050338983535767, 0.43946248292922974, -0.7078688144683838, -0.5107854008674622, 0.1390852657866583, 0.20338885452580047, 0.45823161598991097, 0.4438560051916595, -0.7759583554523708, -0.39825190720837444, 1731624369744308232, 
0.26554447412490845, 0.1120995283126831, -0.6771588921546936, -0.5353317260742188, 0.16995152998192203, 0.19467883983461398, 0.44984376607781024, 0.432769895939694, -0.7480300921096037, -0.4262049953401144, 1731624369861227865, 
0.2871491312980652, -0.3206481337547302, -0.6461234092712402, -0.558093249797821, 0.19402037839217467, 0.15003934220161602, 0.40768316017080486, 0.3680292856314076, -0.7255823225926571, -0.4475556888866118, 1731624369953085970, 
-0.14722126722335815, 0.3674595355987549, -0.6087746024131775, -0.5832600593566895, 0.10416739177539457, 0.16908181094439687, 0.42852563239559965, 0.3945663880108496, -0.6929195713199354, -0.4767652616243719, 1731624370064400531, 
0.27968430519104004, 0.008910655975341797, -0.5735313892364502, -0.6046947836875916, 0.1485619200897164, 0.16135091678549143, 0.4218680035820796, 0.3824677752649203, -0.6637244138919606, -0.5000979721841169, 1731624370150858686, 
0.34858232736587524, 0.45919883251190186, -0.5396844744682312, -0.6237573027610779, 0.20392621887507056, 0.19452475122588586, 0.4578896088728664, 0.4248289270086841, -0.6275366925102405, -0.5261428519827295, 1731624370240790589, 
-0.03621828556060791, 0.27011048793792725, -0.5049042701721191, -0.6413990259170532, 0.1384157903350247, 0.1982497139548962, 0.4593874356550579, 0.43155232069463206, -0.5916347574182391, -0.5505584107154301, 1731624370360564300, 
-0.01569998264312744, 0.06112760305404663, -0.46461138129234314, -0.659747302532196, 0.09344080955811909, 0.17677707464907416, 0.4359860162878604, 0.4054650104473921, -0.5586059589915005, -0.5712822550319439, 1731624370450710419, 
